Price,Close,High,Low,Open,Volume
Ticker,^NSEI,^NSEI,^NSEI,^NSEI,^NSEI
Datetime,,,,,
2025-12-23 03:45:00+00:00,26184.19921875,26205.19921875,26120.0,26205.19921875,0
2025-12-23 04:45:00+00:00,26190.0,26195.44921875,26162.80078125,26184.650390625,0
2025-12-23 05:45:00+00:00,26187.69921875,26196.94921875,26157.55078125,26189.75,0
2025-12-23 06:45:00+00:00,26186.650390625,26198.94921875,26167.099609375,26187.400390625,0
2025-12-23 07:45:00+00:00,26203.349609375,26206.099609375,26179.80078125,26186.650390625,0
2025-12-23 08:45:00+00:00,26183.5,26233.55078125,26158.69921875,26203.400390625,0
2025-12-23 09:45:00+00:00,26164.55078125,26187.650390625,26158.94921875,26184.0,0
2025-12-24 03:45:00+00:00,26227.19921875,26229.19921875,26142.0,26183.75,0
2025-12-24 04:45:00+00:00,26210.150390625,26236.30078125,26198.05078125,26228.5,0
2025-12-24 05:45:00+00:00,26192.0,26221.0,26178.650390625,26210.30078125,0
2025-12-24 06:45:00+00:00,26181.05078125,26209.099609375,26173.19921875,26191.849609375,0
2025-12-24 07:45:00+00:00,26158.5,26181.5,26139.599609375,26181.0,0
2025-12-24 08:45:00+00:00,26154.80078125,26166.55078125,26124.19921875,26160.599609375,0
2025-12-24 09:45:00+00:00,26141.650390625,26157.650390625,26129.900390625,26155.900390625,0
2025-12-26 03:45:00+00:00,26091.44921875,26139.849609375,26071.69921875,26120.75,0
2025-12-26 04:45:00+00:00,26072.80078125,26097.599609375,26067.650390625,26090.349609375,0
2025-12-26 05:45:00+00:00,26062.25,26074.44921875,26048.69921875,26072.30078125,0
2025-12-26 06:45:00+00:00,26042.150390625,26067.099609375,26031.0,26062.0,0
2025-12-26 07:45:00+00:00,26044.150390625,26054.349609375,26032.400390625,26041.75,0
2025-12-26 08:45:00+00:00,26048.30078125,26051.349609375,26008.75,26042.5,0
2025-12-26 09:45:00+00:00,26047.650390625,26052.44921875,26031.05078125,26048.25,0
2025-12-29 03:45:00+00:00,26034.55078125,26102.75,26027.05078125,26065.75,0
2025-12-29 04:45:00+00:00,25983.69921875,26037.75,25979.0,26035.599609375,0
2025-12-29 05:45:00+00:00,25979.900390625,25990.099609375,25965.25,25983.900390625,0
2025-12-29 06:45:00+00:00,25954.349609375,25982.05078125,25952.349609375,25979.900390625,0
2025-12-29 07:45:00+00:00,25943.349609375,25961.05078125,25931.099609375,25954.69921875,0
2025-12-29 08:45:00+00:00,25944.05078125,25972.44921875,25922.25,25942.94921875,0
2025-12-29 09:45:00+00:00,25949.80078125,25953.349609375,25936.0,25943.349609375,0
2025-12-30 03:45:00+00:00,25943.25,25954.69921875,25878.0,25951.0,0
2025-12-30 04:45:00+00:00,25921.44921875,25975.80078125,25910.349609375,25943.75,0
2025-12-30 05:45:00+00:00,25884.80078125,25928.05078125,25883.0,25921.69921875,0
2025-12-30 06:45:00+00:00,25890.349609375,25913.650390625,25879.900390625,25885.44921875,0
2025-12-30 07:45:00+00:00,25943.599609375,25960.349609375,25887.80078125,25891.19921875,0
2025-12-30 08:45:00+00:00,25942.0,25958.349609375,25915.44921875,25942.25,0
2025-12-30 09:45:00+00:00,25970.55078125,25976.75,25936.599609375,25940.44921875,0
2025-12-31 03:45:00+00:00,25997.0,26026.849609375,25969.349609375,25975.44921875,0
2025-12-31 04:45:00+00:00,26055.80078125,26057.5,25998.349609375,25998.349609375,0
2025-12-31 05:45:00+00:00,26089.55078125,26091.55078125,26040.349609375,26055.44921875,0
2025-12-31 06:45:00+00:00,26155.349609375,26156.099609375,26083.55078125,26089.900390625,0
2025-12-31 07:45:00+00:00,26167.0,26179.25,26135.900390625,26154.5,0
2025-12-31 08:45:00+00:00,26122.94921875,26187.0,26115.05078125,26166.0,0
2025-12-31 09:45:00+00:00,26141.849609375,26141.849609375,26121.55078125,26124.19921875,0
2026-01-01 03:45:00+00:00,26151.150390625,26197.0,26147.349609375,26175.05078125,0
2026-01-01 04:45:00+00:00,26170.5,26185.599609375,26118.400390625,26151.650390625,0
2026-01-01 05:45:00+00:00,26125.0,26177.75,26123.94921875,26170.5,0
2026-01-01 06:45:00+00:00,26151.44921875,26162.55078125,26114.19921875,26124.349609375,0
2026-01-01 07:45:00+00:00,26168.0,26176.19921875,26129.69921875,26150.80078125,0
2026-01-01 08:45:00+00:00,26142.849609375,26178.0,26135.94921875,26166.849609375,0
2026-01-01 09:45:00+00:00,26140.25,26146.19921875,26126.80078125,26142.55078125,0
2026-01-02 03:45:00+00:00,26254.650390625,26270.80078125,26125.099609375,26150.25,0
2026-01-02 04:45:00+00:00,26254.05078125,26267.849609375,26235.05078125,26254.900390625,0
2026-01-02 05:45:00+00:00,26287.599609375,26297.099609375,26252.75,26253.30078125,0
2026-01-02 06:45:00+00:00,26302.75,26312.25,26277.0,26287.099609375,0
2026-01-02 07:45:00+00:00,26302.80078125,26314.5,26295.80078125,26302.75,0
2026-01-02 08:45:00+00:00,26324.75,26331.80078125,26265.849609375,26302.599609375,0
2026-01-02 09:45:00+00:00,26335.69921875,26339.099609375,26319.5,26322.69921875,0
2026-01-05 03:45:00+00:00,26339.150390625,26350.400390625,26263.80078125,26341.900390625,0
2026-01-05 04:45:00+00:00,26359.25,26372.849609375,26333.94921875,26339.099609375,0
2026-01-05 05:45:00+00:00,26333.19921875,26361.349609375,26311.5,26358.94921875,0
2026-01-05 06:45:00+00:00,26308.75,26349.349609375,26307.80078125,26334.19921875,0
2026-01-05 07:45:00+00:00,26226.75,26312.900390625,26210.349609375,26308.150390625,0
2026-01-05 08:45:00+00:00,26249.25,26282.900390625,26210.80078125,26226.80078125,0
2026-01-05 09:45:00+00:00,26244.650390625,26250.55078125,26232.599609375,26249.849609375,0
2026-01-06 03:45:00+00:00,26243.25,26273.150390625,26158.349609375,26183.900390625,0
2026-01-06 04:45:00+00:00,26194.44921875,26252.900390625,26192.650390625,26242.19921875,0
2026-01-06 05:45:00+00:00,26167.650390625,26200.19921875,26141.05078125,26194.80078125,0
2026-01-06 06:45:00+00:00,26174.69921875,26195.0,26150.150390625,26167.5,0
2026-01-06 07:45:00+00:00,26133.150390625,26179.69921875,26126.099609375,26173.94921875,0
2026-01-06 08:45:00+00:00,26175.94921875,26187.69921875,26125.55078125,26133.25,0
2026-01-06 09:45:00+00:00,26174.650390625,26186.5,26170.849609375,26175.0,0
2026-01-07 03:45:00+00:00,26167.25,26168.150390625,26097.25,26149.900390625,0
2026-01-07 04:45:00+00:00,26151.599609375,26186.94921875,26125.19921875,26167.75,0
2026-01-07 05:45:00+00:00,26112.099609375,26166.44921875,26106.19921875,26151.69921875,0
2026-01-07 06:45:00+00:00,26102.900390625,26115.55078125,26077.5,26112.55078125,0
2026-01-07 07:45:00+00:00,26098.849609375,26106.150390625,26068.30078125,26103.25,0
2026-01-07 08:45:00+00:00,26151.80078125,26152.94921875,26083.19921875,26099.25,0
2026-01-07 09:45:00+00:00,26142.900390625,26153.599609375,26133.75,26153.400390625,0
2026-01-08 03:45:00+00:00,26061.150390625,26132.900390625,26048.44921875,26102.650390625,0
2026-01-08 04:45:00+00:00,26003.80078125,26062.0,26001.0,26061.80078125,0
2026-01-08 05:45:00+00:00,25933.75,26008.19921875,25884.75,26002.69921875,0
2026-01-08 06:45:00+00:00,25926.099609375,25945.400390625,25900.75,25934.0,0
2026-01-08 07:45:00+00:00,25926.94921875,25942.19921875,25886.400390625,25925.25,0
2026-01-08 08:45:00+00:00,25878.05078125,25946.19921875,25860.650390625,25926.30078125,0
2026-01-08 09:45:00+00:00,25868.900390625,25882.150390625,25858.75,25878.05078125,0
2026-01-09 03:45:00+00:00,25856.599609375,25940.25,25818.349609375,25871.75,0
2026-01-09 04:45:00+00:00,25799.0,25896.849609375,25799.0,25858.0,0
2026-01-09 05:45:00+00:00,25739.349609375,25821.650390625,25734.94921875,25800.150390625,0
2026-01-09 06:45:00+00:00,25691.05078125,25756.650390625,25665.25,25740.44921875,0
2026-01-09 07:45:00+00:00,25660.150390625,25730.400390625,25659.599609375,25691.05078125,0
2026-01-09 08:45:00+00:00,25695.05078125,25703.0,25623.5,25662.849609375,0
2026-01-09 09:45:00+00:00,25703.69921875,25703.69921875,25677.05078125,25694.150390625,0
2026-01-12 03:45:00+00:00,25556.900390625,25699.55078125,25529.400390625,25671.94921875,0
2026-01-12 04:45:00+00:00,25532.849609375,25598.19921875,25529.55078125,25556.900390625,0
2026-01-12 05:45:00+00:00,25578.30078125,25578.900390625,25473.400390625,25531.900390625,0
2026-01-12 06:45:00+00:00,25722.30078125,25738.099609375,25566.25,25577.5,0
2026-01-12 07:45:00+00:00,25728.44921875,25757.0,25687.25,25721.80078125,0
2026-01-12 08:45:00+00:00,25778.5,25813.150390625,25704.650390625,25727.94921875,0
2026-01-12 09:45:00+00:00,25806.099609375,25807.94921875,25778.30078125,25778.30078125,0
2026-01-13 03:45:00+00:00,25738.099609375,25889.0,25701.30078125,25886.05078125,0
2026-01-13 04:45:00+00:00,25788.599609375,25827.05078125,25726.099609375,25738.900390625,0
2026-01-13 05:45:00+00:00,25785.75,25819.30078125,25775.69921875,25788.0,0
2026-01-13 07:45:00+00:00,25636.55078125,25686.650390625,25621.44921875,25661.849609375,0
2026-01-13 08:45:00+00:00,25737.400390625,25757.150390625,25603.400390625,25636.25,0
2026-01-13 09:45:00+00:00,25714.19921875,25749.650390625,25710.44921875,25738.849609375,0
2026-01-14 03:45:00+00:00,25696.80078125,25761.30078125,25640.400390625,25647.05078125,0
2026-01-14 04:45:00+00:00,25726.25,25737.900390625,25661.349609375,25697.900390625,0
2026-01-14 05:45:00+00:00,25743.349609375,25791.30078125,25720.30078125,25723.69921875,0
2026-01-14 06:45:00+00:00,25747.150390625,25780.900390625,25734.5,25743.69921875,0
2026-01-14 07:45:00+00:00,25663.19921875,25757.30078125,25631.349609375,25746.75,0
2026-01-14 08:45:00+00:00,25652.849609375,25715.650390625,25604.099609375,25663.25,0
2026-01-14 09:45:00+00:00,25669.099609375,25677.400390625,25648.30078125,25655.25,0
2026-01-16 03:45:00+00:00,25783.650390625,25789.30078125,25679.19921875,25696.05078125,0
2026-01-16 04:45:00+00:00,25812.44921875,25872.849609375,25783.900390625,25784.94921875,0
2026-01-16 05:45:00+00:00,25823.599609375,25830.650390625,25770.25,25812.5,0
2026-01-16 06:45:00+00:00,25716.55078125,25829.19921875,25704.099609375,25824.650390625,0
2026-01-16 07:45:00+00:00,25688.25,25723.099609375,25662.80078125,25717.05078125,0
2026-01-16 08:45:00+00:00,25683.099609375,25720.44921875,25671.69921875,25688.05078125,0
2026-01-16 09:45:00+00:00,25699.150390625,25710.75,25681.599609375,25682.44921875,0
2026-01-19 03:45:00+00:00,25527.900390625,25631.599609375,25505.349609375,25631.599609375,0
2026-01-19 04:45:00+00:00,25537.75,25564.19921875,25494.94921875,25526.55078125,0
2026-01-19 05:45:00+00:00,25532.650390625,25549.900390625,25508.69921875,25538.0,0
2026-01-19 06:45:00+00:00,25534.650390625,25565.25,25510.650390625,25532.400390625,0
2026-01-19 07:45:00+00:00,25590.30078125,25630.650390625,25522.349609375,25533.400390625,0
2026-01-19 08:45:00+00:00,25591.150390625,25636.30078125,25585.69921875,25589.650390625,0
2026-01-19 09:45:00+00:00,25555.5,25594.099609375,25545.400390625,25592.25,0
2026-01-20 03:45:00+00:00,25468.69921875,25582.849609375,25432.75,25580.05078125,0
2026-01-20 04:45:00+00:00,25449.599609375,25504.0,25446.25,25471.650390625,0
2026-01-20 05:45:00+00:00,25437.349609375,25492.5,25427.44921875,25450.599609375,0
2026-01-20 06:45:00+00:00,25415.94921875,25444.44921875,25405.599609375,25439.05078125,0
2026-01-20 07:45:00+00:00,25360.75,25436.150390625,25347.900390625,25416.30078125,0
2026-01-20 08:45:00+00:00,25217.05078125,25394.099609375,25216.25,25361.44921875,0
2026-01-20 09:45:00+00:00,25225.349609375,25239.30078125,25173.80078125,25215.05078125,0
2026-01-21 03:45:00+00:00,25153.25,25277.650390625,25137.94921875,25145.75,0
2026-01-21 04:45:00+00:00,25054.75,25159.099609375,24920.19921875,25153.80078125,0
2026-01-21 05:45:00+00:00,25136.150390625,25136.150390625,25024.44921875,25055.75,0
2026-01-21 06:45:00+00:00,25237.44921875,25300.650390625,25118.5,25135.150390625,0
2026-01-21 07:45:00+00:00,25136.69921875,25242.400390625,25132.849609375,25237.599609375,0
2026-01-21 08:45:00+00:00,25155.0,25202.05078125,25119.849609375,25137.44921875,0
2026-01-21 09:45:00+00:00,25168.099609375,25171.69921875,25140.55078125,25155.19921875,0
2026-01-22 03:45:00+00:00,25376.0,25434.849609375,25303.30078125,25344.599609375,0
2026-01-22 04:45:00+00:00,25215.75,25388.55078125,25202.44921875,25376.5,0
2026-01-22 05:45:00+00:00,25237.099609375,25280.55078125,25177.849609375,25215.94921875,0
2026-01-22 06:45:00+00:00,25191.94921875,25277.5,25190.44921875,25237.150390625,0
2026-01-22 07:45:00+00:00,25178.349609375,25245.0,25169.69921875,25192.05078125,0
2026-01-22 08:45:00+00:00,25288.55078125,25318.19921875,25168.5,25178.80078125,0
2026-01-22 09:45:00+00:00,25320.44921875,25332.349609375,25287.599609375,25288.44921875,0
2026-01-23 03:45:00+00:00,25281.69921875,25345.349609375,25249.55078125,25338.25,0
2026-01-23 04:45:00+00:00,25284.900390625,25320.80078125,25251.55078125,25280.55078125,0
2026-01-23 05:45:00+00:00,25185.19921875,25289.900390625,25183.94921875,25285.30078125,0
2026-01-23 06:45:00+00:00,25196.400390625,25243.80078125,25180.55078125,25185.94921875,0
2026-01-23 07:45:00+00:00,25063.400390625,25197.349609375,25044.150390625,25196.650390625,0
2026-01-23 08:45:00+00:00,25045.849609375,25107.80078125,25028.849609375,25064.05078125,0
2026-01-23 09:45:00+00:00,25064.75,25074.5,25025.55078125,25046.5,0
2026-01-27 03:45:00+00:00,25128.44921875,25160.44921875,24933.05078125,25079.0,0
2026-01-27 04:45:00+00:00,25029.400390625,25184.0,24979.05078125,25129.349609375,0
2026-01-27 05:45:00+00:00,25120.349609375,25162.05078125,25022.099609375,25029.05078125,0
2026-01-27 06:45:00+00:00,25088.94921875,25138.19921875,25056.5,25121.55078125,0
2026-01-27 07:45:00+00:00,25034.55078125,25132.25,24998.25,25089.099609375,0
2026-01-27 08:45:00+00:00,25170.400390625,25175.349609375,25007.849609375,25034.900390625,0
2026-01-27 09:45:00+00:00,25234.099609375,25246.099609375,25168.05078125,25169.25,0
2026-01-28 03:45:00+00:00,25248.099609375,25371.400390625,25227.650390625,25248.599609375,0
2026-01-28 04:45:00+00:00,25325.599609375,25330.599609375,25234.05078125,25248.30078125,0
2026-01-28 05:45:00+00:00,25313.80078125,25351.05078125,25290.650390625,25325.349609375,0
2026-01-28 06:45:00+00:00,25276.25,25318.05078125,25252.05078125,25313.80078125,0
2026-01-28 07:45:00+00:00,25209.05078125,25291.30078125,25188.150390625,25276.599609375,0
2026-01-28 08:45:00+00:00,25329.650390625,25344.5,25201.099609375,25208.650390625,0
2026-01-28 09:45:00+00:00,25348.05078125,25358.400390625,25329.75,25329.75,0
2026-01-29 03:45:00+00:00,25211.650390625,25346.400390625,25160.05078125,25346.400390625,0
2026-01-29 04:45:00+00:00,25257.80078125,25258.94921875,25167.650390625,25210.349609375,0
2026-01-29 05:45:00+00:00,25280.75,25296.900390625,25240.0,25257.94921875,0
2026-01-29 06:45:00+00:00,25353.650390625,25367.30078125,25262.05078125,25280.400390625,0
2026-01-29 07:45:00+00:00,25412.900390625,25436.25,25328.30078125,25353.44921875,0
2026-01-29 08:45:00+00:00,25407.599609375,25457.19921875,25398.650390625,25413.30078125,0
2026-01-29 09:45:00+00:00,25422.099609375,25431.650390625,25405.099609375,25407.650390625,0
2026-01-30 03:45:00+00:00,25314.30078125,25323.0,25219.150390625,25261.25,0
2026-01-30 04:45:00+00:00,25255.44921875,25319.650390625,25247.099609375,25315.80078125,0
2026-01-30 05:45:00+00:00,25294.69921875,25294.849609375,25232.0,25255.349609375,0
2026-01-30 06:45:00+00:00,25247.05078125,25316.599609375,25238.5,25293.650390625,0
2026-01-30 07:45:00+00:00,25352.44921875,25370.599609375,25213.80078125,25247.400390625,0
2026-01-30 08:45:00+00:00,25319.69921875,25368.80078125,25293.30078125,25353.5,0
2026-01-30 09:45:00+00:00,25315.80078125,25343.900390625,25309.599609375,25321.0,0
2026-02-03 03:45:00+00:00,25671.0,26290.19921875,25642.349609375,26264.900390625,0
2026-02-03 04:45:00+00:00,25784.19921875,25821.650390625,25672.349609375,25672.349609375,0
2026-02-03 05:45:00+00:00,25836.55078125,25863.150390625,25773.900390625,25785.150390625,0
2026-02-03 06:45:00+00:00,25790.30078125,25838.599609375,25767.55078125,25837.349609375,0
2026-02-03 07:45:00+00:00,25775.150390625,25811.849609375,25729.400390625,25791.30078125,0
2026-02-03 08:45:00+00:00,25717.849609375,25790.349609375,25696.849609375,25774.400390625,0
2026-02-03 09:45:00+00:00,25714.80078125,25749.44921875,25706.05078125,25721.900390625,0
2026-02-04 03:45:00+00:00,25782.30078125,25801.80078125,25572.30078125,25659.900390625,0
2026-02-04 04:45:00+00:00,25723.94921875,25787.05078125,25709.55078125,25782.55078125,0
2026-02-04 05:45:00+00:00,25742.55078125,25742.55078125,25685.94921875,25724.0,0
2026-02-04 06:45:00+00:00,25736.75,25762.94921875,25701.25,25741.69921875,0
2026-02-04 07:45:00+00:00,25790.900390625,25791.69921875,25727.849609375,25735.900390625,0
2026-02-04 08:45:00+00:00,25783.099609375,25818.30078125,25779.849609375,25789.94921875,0
2026-02-04 09:45:00+00:00,25737.5,25790.25,25737.5,25783.0,0
2026-02-05 03:45:00+00:00,25672.75,25752.25,25613.099609375,25752.25,0
2026-02-05 04:45:00+00:00,25673.55078125,25700.44921875,25611.94921875,25672.5,0
2026-02-05 05:45:00+00:00,25629.80078125,25680.19921875,25627.099609375,25673.650390625,0
2026-02-05 06:45:00+00:00,25636.80078125,25646.55078125,25604.099609375,25629.69921875,0
2026-02-05 07:45:00+00:00,25596.94921875,25657.30078125,25580.599609375,25637.44921875,0
2026-02-05 08:45:00+00:00,25647.80078125,25669.75,25589.900390625,25597.44921875,0
2026-02-05 09:45:00+00:00,25641.599609375,25649.75,25621.55078125,25647.75,0
2026-02-06 03:45:00+00:00,25515.80078125,25630.44921875,25504.75,25610.5,0
2026-02-06 04:45:00+00:00,25576.400390625,25576.400390625,25492.150390625,25515.80078125,0
2026-02-06 05:45:00+00:00,25611.05078125,25657.599609375,25564.599609375,25577.80078125,0
2026-02-06 06:45:00+00:00,25561.44921875,25614.349609375,25526.650390625,25611.69921875,0
2026-02-06 07:45:00+00:00,25612.30078125,25633.30078125,25549.099609375,25562.099609375,0
2026-02-06 08:45:00+00:00,25698.5,25703.44921875,25601.900390625,25612.150390625,0
2026-02-06 09:45:00+00:00,25673.599609375,25703.25,25660.19921875,25697.75,0
2026-02-09 03:45:00+00:00,25801.599609375,25903.099609375,25781.55078125,25903.099609375,0
2026-02-09 04:45:00+00:00,25857.94921875,25870.05078125,25794.0,25800.099609375,0
2026-02-09 05:45:00+00:00,25856.25,25868.349609375,25830.5,25858.150390625,0
2026-02-09 06:45:00+00:00,25849.94921875,25861.44921875,25819.94921875,25856.599609375,0
2026-02-09 07:45:00+00:00,25844.400390625,25860.0,25835.5,25850.75,0
2026-02-09 08:45:00+00:00,25866.30078125,25875.849609375,25836.25,25845.25,0
2026-02-09 09:45:00+00:00,25863.30078125,25870.55078125,25856.849609375,25866.55078125,0
2026-02-10 03:45:00+00:00,25944.349609375,25965.0,25871.44921875,25912.849609375,0
2026-02-10 04:45:00+00:00,25959.650390625,25978.55078125,25942.0,25944.400390625,0
2026-02-10 05:45:00+00:00,25963.650390625,25965.400390625,25941.900390625,25960.05078125,0
2026-02-10 06:45:00+00:00,25977.75,25989.19921875,25950.849609375,25964.349609375,0
2026-02-10 07:45:00+00:00,25918.69921875,25982.25,25893.19921875,25978.0,0
2026-02-10 08:45:00+00:00,25933.94921875,25967.400390625,25903.849609375,25918.150390625,0
2026-02-10 09:45:00+00:00,25916.80078125,25937.05078125,25906.05078125,25934.30078125,0
2026-02-11 03:45:00+00:00,25917.900390625,26000.650390625,25909.94921875,26000.650390625,0
2026-02-11 04:45:00+00:00,25956.94921875,25981.30078125,25916.900390625,25918.05078125,0
2026-02-11 05:45:00+00:00,25953.94921875,25979.05078125,25933.94921875,25957.400390625,0
2026-02-11 06:45:00+00:00,25923.75,25955.44921875,25900.19921875,25954.44921875,0
2026-02-11 07:45:00+00:00,25956.19921875,25969.19921875,25920.099609375,25923.94921875,0
2026-02-11 08:45:00+00:00,25955.900390625,25970.75,25937.19921875,25955.94921875,0
2026-02-11 09:45:00+00:00,25945.349609375,25958.650390625,25939.75,25957.94921875,0
2026-02-12 03:45:00+00:00,25880.849609375,25892.30078125,25823.80078125,25892.30078125,0
2026-02-12 04:45:00+00:00,25849.150390625,25882.599609375,25843.150390625,25881.80078125,0
2026-02-12 05:45:00+00:00,25828.900390625,25849.55078125,25806.849609375,25849.55078125,0
2026-02-12 06:45:00+00:00,25835.75,25859.849609375,25827.94921875,25829.80078125,0
2026-02-12 07:45:00+00:00,25817.55078125,25879.30078125,25805.849609375,25836.44921875,0
2026-02-12 08:45:00+00:00,25807.44921875,25840.69921875,25752.400390625,25818.19921875,0
2026-02-12 09:45:00+00:00,25796.150390625,25814.80078125,25790.400390625,25805.349609375,0
2026-02-13 03:45:00+00:00,25531.75,25625.099609375,25525.900390625,25578.599609375,0
2026-02-13 04:45:00+00:00,25554.19921875,25584.30078125,25513.55078125,25531.5,0
2026-02-13 05:45:00+00:00,25573.400390625,25576.69921875,25522.80078125,25553.69921875,0
2026-02-13 06:45:00+00:00,25574.69921875,25606.05078125,25531.650390625,25573.5,0
2026-02-13 07:45:00+00:00,25534.599609375,25586.849609375,25500.400390625,25575.650390625,0
2026-02-13 08:45:00+00:00,25477.19921875,25538.400390625,25473.150390625,25535.0,0
2026-02-13 09:45:00+00:00,25460.55078125,25489.80078125,25445.599609375,25475.55078125,0
2026-02-16 03:45:00+00:00,25551.44921875,25555.849609375,25376.05078125,25427.44921875,0
2026-02-16 04:45:00+00:00,25534.55078125,25561.150390625,25507.150390625,25551.44921875,0
2026-02-16 05:45:00+00:00,25545.69921875,25555.19921875,25503.05078125,25533.849609375,0
2026-02-16 06:45:00+00:00,25571.349609375,25590.5,25532.94921875,25545.400390625,0
2026-02-16 07:45:00+00:00,25580.349609375,25593.900390625,25544.849609375,25571.44921875,0
2026-02-16 08:45:00+00:00,25686.75,25695.849609375,25574.0,25581.099609375,0
2026-02-16 09:45:00+00:00,25682.44921875,25692.75,25673.0,25687.05078125,0
2026-02-17 03:45:00+00:00,25679.25,25681.400390625,25570.69921875,25644.5,0
2026-02-17 04:45:00+00:00,25673.099609375,25730.099609375,25642.75,25679.400390625,0
2026-02-17 05:45:00+00:00,25721.69921875,25745.349609375,25669.5,25673.94921875,0
2026-02-17 06:45:00+00:00,25736.349609375,25763.900390625,25713.900390625,25722.55078125,0
2026-02-17 07:45:00+00:00,25670.94921875,25761.94921875,25667.80078125,25736.25,0
2026-02-17 08:45:00+00:00,25724.849609375,25746.30078125,25662.599609375,25670.69921875,0
2026-02-17 09:45:00+00:00,25716.0,25731.849609375,25713.80078125,25725.44921875,0
2026-02-18 03:45:00+00:00,25661.94921875,25754.650390625,25651.05078125,25754.650390625,0
2026-02-18 04:45:00+00:00,25700.05078125,25709.0,25645.900390625,25663.849609375,0
2026-02-18 05:45:00+00:00,25709.849609375,25718.400390625,25676.55078125,25700.69921875,0
2026-02-18 06:45:00+00:00,25731.5,25742.05078125,25703.650390625,25710.5,0
2026-02-18 07:45:00+00:00,25756.80078125,25757.349609375,25695.75,25730.94921875,0
2026-02-18 08:45:00+00:00,25821.94921875,25827.150390625,25750.599609375,25756.94921875,0
2026-02-18 09:45:00+00:00,25805.69921875,25827.44921875,25805.05078125,25820.05078125,0
2026-02-19 03:45:00+00:00,25756.44921875,25879.599609375,25750.69921875,25866.30078125,0
2026-02-19 04:45:00+00:00,25715.80078125,25765.849609375,25708.75,25757.75,0
2026-02-19 05:45:00+00:00,25603.5,25720.69921875,25601.0,25715.30078125,0
2026-02-19 06:45:00+00:00,25624.55078125,25639.69921875,25568.19921875,25602.849609375,0
2026-02-19 07:45:00+00:00,25571.400390625,25636.25,25545.5,25623.849609375,0
2026-02-19 08:45:00+00:00,25447.599609375,25609.94921875,25442.0,25570.900390625,0
2026-02-19 09:45:00+00:00,25416.44921875,25447.55078125,25390.5,25447.55078125,0
2026-02-20 03:45:00+00:00,25480.44921875,25524.69921875,25380.349609375,25406.349609375,0
2026-02-20 04:45:00+00:00,25561.849609375,25606.0,25479.900390625,25479.900390625,0
2026-02-20 05:45:00+00:00,25603.099609375,25620.05078125,25562.150390625,25563.349609375,0
2026-02-20 06:45:00+00:00,25554.599609375,25663.349609375,25535.75,25602.44921875,0
2026-02-20 07:45:00+00:00,25602.150390625,25611.80078125,25532.0,25554.5,0
2026-02-20 08:45:00+00:00,25571.94921875,25652.849609375,25563.0,25601.650390625,0
2026-02-20 09:45:00+00:00,25565.900390625,25577.44921875,25538.900390625,25570.849609375,0
2026-02-23 03:45:00+00:00,25717.849609375,25770.69921875,25627.150390625,25678.400390625,0
2026-02-23 04:45:00+00:00,25696.55078125,25733.69921875,25646.599609375,25717.349609375,0
2026-02-23 05:45:00+00:00,25662.0,25699.19921875,25631.650390625,25696.099609375,0
2026-02-23 06:45:00+00:00,25637.5,25690.849609375,25631.55078125,25661.599609375,0
2026-02-23 07:45:00+00:00,25629.849609375,25680.30078125,25609.349609375,25636.69921875,0
2026-02-23 08:45:00+00:00,25710.75,25728.94921875,25619.75,25630.69921875,0
2026-02-23 09:45:00+00:00,25704.25,25722.5,25700.0,25712.099609375,0
2026-02-24 03:45:00+00:00,25484.69921875,25641.80078125,25483.599609375,25641.80078125,0
2026-02-24 04:45:00+00:00,25505.849609375,25515.0,25460.849609375,25484.0,0
2026-02-24 05:45:00+00:00,25466.05078125,25525.19921875,25447.150390625,25505.69921875,0
2026-02-24 06:45:00+00:00,25424.599609375,25466.94921875,25387.44921875,25464.5,0
2026-02-24 07:45:00+00:00,25440.5,25443.55078125,25328.0,25424.599609375,0
2026-02-24 08:45:00+00:00,25421.19921875,25446.099609375,25361.900390625,25440.05078125,0
2026-02-24 09:45:00+00:00,25460.25,25464.55078125,25416.650390625,25422.19921875,0
2026-02-25 03:45:00+00:00,25631.75,25632.900390625,25512.900390625,25515.05078125,0
2026-02-25 04:45:00+00:00,25616.0,25652.5,25607.5,25631.599609375,0
2026-02-25 05:45:00+00:00,25600.19921875,25622.19921875,25581.05078125,25615.5,0
2026-02-25 06:45:00+00:00,25462.599609375,25615.5,25440.30078125,25599.69921875,0
2026-02-25 07:45:00+00:00,25457.099609375,25485.19921875,25428.400390625,25462.400390625,0
2026-02-25 08:45:00+00:00,25478.5,25506.55078125,25439.94921875,25457.30078125,0
2026-02-25 09:45:00+00:00,25478.650390625,25488.25,25471.05078125,25477.05078125,0
2026-02-26 03:45:00+00:00,25558.25,25572.25,25488.30078125,25551.55078125,0
2026-02-26 04:45:00+00:00,25523.25,25562.0,25491.69921875,25558.599609375,0
2026-02-26 05:45:00+00:00,25459.30078125,25570.849609375,25446.75,25523.5,0
2026-02-26 06:45:00+00:00,25428.55078125,25468.5,25401.599609375,25458.05078125,0
2026-02-26 07:45:00+00:00,25453.44921875,25460.55078125,25403.400390625,25428.19921875,0
2026-02-26 08:45:00+00:00,25486.150390625,25527.150390625,25427.0,25456.650390625,0
2026-02-26 09:45:00+00:00,25493.30078125,25503.25,25482.94921875,25486.94921875,0
2026-02-27 03:45:00+00:00,25322.599609375,25470.150390625,25309.400390625,25470.150390625,0
2026-02-27 04:45:00+00:00,25335.0,25346.44921875,25292.650390625,25321.94921875,0
2026-02-27 05:45:00+00:00,25284.94921875,25341.650390625,25272.19921875,25334.55078125,0
2026-02-27 06:45:00+00:00,25289.69921875,25313.150390625,25269.650390625,25285.349609375,0
2026-02-27 07:45:00+00:00,25324.55078125,25352.05078125,25281.650390625,25288.80078125,0
2026-02-27 08:45:00+00:00,25167.900390625,25328.900390625,25142.349609375,25324.19921875,0
2026-02-27 09:45:00+00:00,25181.80078125,25189.099609375,25159.349609375,25168.80078125,0
2026-03-02 03:45:00+00:00,24884.849609375,24988.75,24722.0,24723.400390625,0
2026-03-02 04:45:00+00:00,24843.19921875,24887.849609375,24812.25,24885.349609375,0
2026-03-02 05:45:00+00:00,24744.55078125,24849.19921875,24743.25,24844.80078125,0
2026-03-02 06:45:00+00:00,24695.5,24756.0,24679.099609375,24743.5,0
2026-03-02 07:45:00+00:00,24787.400390625,24795.5,24603.94921875,24695.650390625,0
2026-03-02 08:45:00+00:00,24904.80078125,24904.80078125,24722.5,24787.5,0
2026-03-02 09:45:00+00:00,24849.75,24914.849609375,24845.19921875,24905.25,0
2026-03-04 03:45:00+00:00,24413.650390625,24471.19921875,24306.599609375,24421.44921875,0
2026-03-04 04:45:00+00:00,24435.44921875,24461.349609375,24375.69921875,24413.650390625,0
2026-03-04 05:45:00+00:00,24379.849609375,24438.900390625,24354.150390625,24436.400390625,0
2026-03-04 06:45:00+00:00,24461.0,24461.0,24357.75,24381.150390625,0
2026-03-04 07:45:00+00:00,24554.94921875,24556.44921875,24415.75,24461.44921875,0
2026-03-04 08:45:00+00:00,24465.94921875,24602.0,24457.44921875,24555.349609375,0
2026-03-04 09:45:00+00:00,24473.94921875,24482.150390625,24451.05078125,24464.849609375,0
2026-03-05 03:45:00+00:00,24596.25,24656.5,24530.69921875,24615.900390625,0
2026-03-05 04:45:00+00:00,24643.19921875,24672.5,24538.55078125,24597.05078125,0
2026-03-05 05:45:00+00:00,24615.5,24662.94921875,24556.900390625,24639.849609375,0
2026-03-05 06:45:00+00:00,24639.650390625,24665.94921875,24592.900390625,24615.650390625,0
2026-03-05 07:45:00+00:00,24553.75,24671.30078125,24547.349609375,24640.69921875,0
2026-03-05 08:45:00+00:00,24714.80078125,24853.900390625,24529.55078125,24554.150390625,0
2026-03-05 09:45:00+00:00,24737.44921875,24759.400390625,24706.05078125,24716.0,0
2026-03-06 03:45:00+00:00,24653.349609375,24688.099609375,24588.349609375,24656.400390625,0
2026-03-06 04:45:00+00:00,24617.599609375,24675.650390625,24575.75,24652.349609375,0
2026-03-06 05:45:00+00:00,24608.849609375,24654.55078125,24593.900390625,24617.400390625,0
2026-03-06 06:45:00+00:00,24602.650390625,24623.349609375,24576.05078125,24608.599609375,0
2026-03-06 07:45:00+00:00,24585.75,24623.5,24543.80078125,24602.05078125,0
2026-03-06 08:45:00+00:00,24441.650390625,24616.44921875,24431.5,24587.19921875,0
2026-03-06 09:45:00+00:00,24469.400390625,24474.400390625,24416.650390625,24441.099609375,0
2026-03-09 03:45:00+00:00,23807.25,23958.099609375,23697.849609375,23868.05078125,0
2026-03-09 04:45:00+00:00,23818.599609375,23896.0,23744.849609375,23806.19921875,0
2026-03-09 05:45:00+00:00,23855.80078125,23932.0,23787.349609375,23819.5,0
2026-03-09 06:45:00+00:00,23870.69921875,23918.19921875,23834.099609375,23855.349609375,0
2026-03-09 07:45:00+00:00,23881.349609375,23937.55078125,23853.849609375,23869.69921875,0
2026-03-09 08:45:00+00:00,24047.80078125,24075.849609375,23863.94921875,23883.599609375,0
2026-03-09 09:45:00+00:00,24007.599609375,24056.150390625,23994.69921875,24047.69921875,0
2026-03-10 03:45:00+00:00,24151.05078125,24296.900390625,24079.94921875,24287.099609375,0
2026-03-10 04:45:00+00:00,24222.400390625,24233.19921875,24149.30078125,24151.5,0
2026-03-10 05:45:00+00:00,24172.5,24255.30078125,24172.5,24222.19921875,0
2026-03-10 06:45:00+00:00,24209.349609375,24236.5,24142.44921875,24173.099609375,0
2026-03-10 07:45:00+00:00,24285.94921875,24294.0,24190.400390625,24209.900390625,0
2026-03-10 08:45:00+00:00,24258.0,24296.650390625,24201.94921875,24286.25,0
2026-03-10 09:45:00+00:00,24286.150390625,24302.5,24254.0,24257.400390625,0
2026-03-11 03:45:00+00:00,24116.5,24298.44921875,24109.849609375,24262.69921875,0
2026-03-11 04:45:00+00:00,24071.400390625,24141.94921875,24049.400390625,24117.099609375,0
2026-03-11 05:45:00+00:00,24011.599609375,24073.75,23972.349609375,24073.75,0
2026-03-11 06:45:00+00:00,23929.650390625,24024.19921875,23920.30078125,24012.55078125,0
2026-03-11 07:45:00+00:00,23939.94921875,24005.349609375,23914.19921875,23930.69921875,0
2026-03-11 08:45:00+00:00,23861.900390625,23977.05078125,23855.25,23940.94921875,0
2026-03-11 09:45:00+00:00,23848.19921875,23879.599609375,23837.05078125,23864.19921875,0
2026-03-12 03:45:00+00:00,23610.150390625,23696.349609375,23557.849609375,23686.599609375,0
2026-03-12 04:45:00+00:00,23741.05078125,23773.650390625,23589.900390625,23610.5,0
2026-03-12 05:45:00+00:00,23749.349609375,23756.650390625,23665.0,23741.75,0
2026-03-12 06:45:00+00:00,23715.25,23759.19921875,23656.400390625,23751.150390625,0
2026-03-12 07:45:00+00:00,23738.900390625,23832.650390625,23695.80078125,23718.30078125,0
2026-03-12 08:45:00+00:00,23633.900390625,23758.150390625,23605.55078125,23739.349609375,0
2026-03-12 09:45:00+00:00,23639.349609375,23652.150390625,23624.599609375,23636.349609375,0
2026-03-13 03:45:00+00:00,23329.80078125,23491.900390625,23311.849609375,23472.80078125,0
2026-03-13 04:45:00+00:00,23321.650390625,23379.55078125,23306.5,23330.94921875,0
2026-03-13 05:45:00+00:00,23336.150390625,23414.900390625,23309.650390625,23323.55078125,0
2026-03-13 06:45:00+00:00,23175.69921875,23338.900390625,23175.05078125,23338.900390625,0
2026-03-13 07:45:00+00:00,23201.849609375,23205.5,23113.30078125,23178.349609375,0
2026-03-13 08:45:00+00:00,23162.55078125,23258.599609375,23125.099609375,23203.650390625,0
2026-03-13 09:45:00+00:00,23170.900390625,23173.849609375,23138.5,23161.44921875,0
2026-03-16 03:45:00+00:00,23155.19921875,23284.349609375,23106.44921875,23125.650390625,0
2026-03-16 04:45:00+00:00,23092.349609375,23154.349609375,22955.55078125,23154.349609375,0
2026-03-16 05:45:00+00:00,23162.849609375,23218.150390625,23090.69921875,23093.55078125,0
2026-03-16 06:45:00+00:00,23116.80078125,23196.44921875,23086.349609375,23163.30078125,0
2026-03-16 07:45:00+00:00,23155.30078125,23180.69921875,23092.849609375,23117.94921875,0
2026-03-16 08:45:00+00:00,23435.25,23502.0,23134.599609375,23155.05078125,0
2026-03-16 09:45:00+00:00,23355.599609375,23436.05078125,23338.599609375,23435.80078125,0
2026-03-17 03:45:00+00:00,23526.0,23536.849609375,23347.400390625,23493.19921875,0
2026-03-17 04:45:00+00:00,23470.55078125,23576.55078125,23443.0,23525.849609375,0
2026-03-17 05:45:00+00:00,23435.30078125,23479.5,23355.69921875,23471.44921875,0
2026-03-17 06:45:00+00:00,23531.599609375,23533.5,23380.349609375,23435.150390625,0
2026-03-17 07:45:00+00:00,23600.44921875,23608.900390625,23504.150390625,23532.94921875,0
2026-03-17 08:45:00+00:00,23607.5,23656.19921875,23526.849609375,23600.0,0
2026-03-17 09:45:00+00:00,23557.5,23607.650390625,23546.55078125,23607.05078125,0
2026-03-18 03:45:00+00:00,23664.30078125,23754.349609375,23630.25,23634.30078125,0
2026-03-18 04:45:00+00:00,23785.30078125,23790.75,23664.650390625,23664.94921875,0
2026-03-18 05:45:00+00:00,23779.650390625,23835.099609375,23770.599609375,23784.69921875,0
2026-03-18 06:45:00+00:00,23803.19921875,23803.19921875,23760.900390625,23779.19921875,0
2026-03-18 07:45:00+00:00,23817.650390625,23858.75,23792.400390625,23802.400390625,0
2026-03-18 08:45:00+00:00,23792.55078125,23861.80078125,23766.900390625,23817.5,0
2026-03-18 09:45:00+00:00,23764.099609375,23792.900390625,23730.650390625,23792.349609375,0
2026-03-19 03:45:00+00:00,23236.650390625,23371.75,23209.099609375,23209.099609375,0
2026-03-19 04:45:00+00:00,23220.94921875,23317.80078125,23204.05078125,23234.75,0
2026-03-19 05:45:00+00:00,23265.5,23268.75,23207.55078125,23221.349609375,0
2026-03-19 06:45:00+00:00,23200.25,23281.19921875,23194.69921875,23265.5,0
2026-03-19 07:45:00+00:00,23111.30078125,23217.849609375,23088.94921875,23200.349609375,0
2026-03-19 08:45:00+00:00,22987.25,23137.05078125,22931.94921875,23111.55078125,0
2026-03-19 09:45:00+00:00,23087.849609375,23093.900390625,22977.650390625,22987.55078125,0
